-- Adminer 4.8.1 MySQL 11.3.2-MariaDB-1:11.3.2+maria~ubu2204 dump

SET NAMES utf8;
SET time_zone = '+00:00';
SET foreign_key_checks = 0;
SET sql_mode = 'NO_AUTO_VALUE_ON_ZERO';

DROP TABLE IF EXISTS `forums`;
CREATE TABLE `forums` (
  `id` int(11) NOT NULL AUTO_INCREMENT,
  `nom` varchar(50) NOT NULL,
  PRIMARY KEY (`id`)
) ENGINE=InnoDB DEFAULT CHARSET=utf8mb3 COLLATE=utf8mb3_general_ci;

INSERT INTO `forums` (`id`, `nom`) VALUES
(1,	'Programmation Python'),
(2,	'Développement Web'),
(3,	'Sécurité Informatique');

DROP TABLE IF EXISTS `messages`;
CREATE TABLE `messages` (
  `id` int(11) NOT NULL AUTO_INCREMENT,
  `contenu` varchar(1000) NOT NULL,
  `date_crea` varchar(50) NOT NULL,
  `sujet_id` tinyint(4) NOT NULL,
  `author_id` tinyint(4) NOT NULL,
  `date_modif` tinyint(4) DEFAULT NULL,
  PRIMARY KEY (`id`)
) ENGINE=InnoDB DEFAULT CHARSET=utf8mb3 COLLATE=utf8mb3_general_ci;

INSERT INTO `messages` (`id`, `contenu`, `date_crea`, `sujet_id`, `author_id`, `date_modif`) VALUES
(34,	'Message 1 pour Sujet 1 Forum Programmation Python',	'2024-03-27T16:19:28.681Z',	4,	1,	NULL),
(35,	'Message 2 pour Sujet 1 Forum Programmation Python',	'2024-04-25 07:42:14',	4,	2,	NULL),
(36,	'Message 3 pour Sujet 1 Forum Programmation Python',	'2024-04-25 07:42:14',	4,	3,	NULL),
(37,	'Message 4 pour Sujet 1 Forum Programmation Python',	'2024-04-25 07:42:14',	4,	4,	NULL),
(38,	'Message 5 pour Sujet 1 Forum Programmation Python',	'2024-04-25 07:42:14',	4,	5,	NULL),
(39,	'Message 6 pour Sujet 1 Forum Programmation Python',	'2024-04-25 07:42:14',	4,	1,	NULL),
(40,	'Message 7 pour Sujet 1 Forum Programmation Python',	'2024-04-25 07:42:14',	4,	2,	NULL),
(41,	'Message 8 pour Sujet 1 Forum Programmation Python',	'2024-04-25 07:42:14',	4,	3,	NULL),
(42,	'Message 9 pour Sujet 1 Forum Programmation Python',	'2024-04-25 07:42:14',	4,	4,	NULL),
(43,	'Message 10 pour Sujet 1 Forum Programmation Python',	'2024-04-25 07:42:14',	4,	5,	NULL),
(44,	'Message 11 pour Sujet 1 Forum Programmation Python',	'2024-04-25 07:42:14',	4,	1,	NULL),
(45,	'Message 12 pour Sujet 1 Forum Programmation Python',	'2024-04-25 07:42:14',	4,	2,	NULL),
(46,	'Message 13 pour Sujet 1 Forum Programmation Python',	'2024-04-25 07:42:14',	4,	3,	NULL),
(47,	'Message 14 pour Sujet 1 Forum Programmation Python',	'2024-04-25 07:42:14',	4,	4,	NULL),
(48,	'Message 15 pour Sujet 1 Forum Programmation Python',	'2024-04-25 07:42:14',	4,	5,	NULL),
(49,	'Message 16 pour Sujet 1 Forum Programmation Python',	'2024-04-25 07:42:14',	4,	1,	NULL),
(50,	'Message 17 pour Sujet 1 Forum Programmation Python',	'2024-04-25 07:42:14',	4,	2,	NULL),
(51,	'Message 18 pour Sujet 1 Forum Programmation Python',	'2024-04-25 07:42:14',	4,	3,	NULL),
(52,	'Message 19 pour Sujet 1 Forum Programmation Python',	'2024-04-25 07:42:14',	4,	4,	NULL),
(53,	'Message 20 pour Sujet 1 Forum Programmation Python',	'2024-04-25 07:42:14',	4,	5,	NULL),
(54,	'Message 21 pour Sujet 1 Forum Programmation Python',	'2024-04-25 07:42:14',	4,	1,	NULL),
(55,	'Message 22 pour Sujet 1 Forum Programmation Python',	'2024-04-25 07:42:14',	4,	2,	NULL),
(56,	'Message 23 pour Sujet 1 Forum Programmation Python',	'2024-04-25 07:42:14',	4,	3,	NULL),
(57,	'Message 24 pour Sujet 1 Forum Programmation Python',	'2024-04-25 07:42:14',	4,	4,	NULL),
(58,	'Message 25 pour Sujet 1 Forum Programmation Python',	'2024-04-25 07:43:14',	4,	5,	NULL),
(59,	'Message 1 pour Sujet 1 Forum Développement Web',	'2024-03-27T16:19:28.681Z',	34,	1,	NULL),
(60,	'Message 2 pour Sujet 1 Forum Développement Web',	'2024-04-25 07:42:14',	34,	2,	NULL),
(61,	'Message 3 pour Sujet 1 Forum Développement Web',	'2024-04-25 07:42:14',	34,	3,	NULL),
(62,	'Message 4 pour Sujet 1 Forum Développement Web',	'2024-04-25 07:42:14',	34,	4,	NULL),
(63,	'Message 5 pour Sujet 1 Forum Développement Web',	'2024-04-25 07:42:14',	34,	5,	NULL),
(64,	'Message 6 pour Sujet 1 Forum Développement Web',	'2024-04-25 07:42:14',	34,	1,	NULL),
(65,	'Message 7 pour Sujet 1 Forum Développement Web',	'2024-04-25 07:42:14',	34,	2,	NULL),
(66,	'Message 8 pour Sujet 1 Forum Développement Web',	'2024-04-25 07:42:14',	34,	3,	NULL),
(67,	'Message 9 pour Sujet 1 Forum Développement Web',	'2024-04-25 07:42:14',	34,	4,	NULL),
(68,	'Message 10 pour Sujet 1 Forum Développement Web',	'2024-04-25 07:42:14',	34,	5,	NULL),
(69,	'Message 11 pour Sujet 1 Forum Développement Web',	'2024-04-25 07:42:14',	34,	1,	NULL),
(70,	'Message 12 pour Sujet 1 Forum Développement Web',	'2024-04-25 07:42:14',	34,	2,	NULL),
(71,	'Message 13 pour Sujet 1 Forum Développement Web',	'2024-04-25 07:42:14',	34,	3,	NULL),
(72,	'Message 14 pour Sujet 1 Forum Développement Web',	'2024-04-25 07:42:14',	34,	4,	NULL),
(73,	'Message 15 pour Sujet 1 Forum Développement Web',	'2024-04-25 07:42:14',	34,	5,	NULL),
(74,	'Message 16 pour Sujet 1 Forum Développement Web',	'2024-04-25 07:42:14',	34,	1,	NULL),
(75,	'Message 17 pour Sujet 1 Forum Développement Web',	'2024-04-25 07:42:14',	34,	2,	NULL),
(76,	'Message 18 pour Sujet 1 Forum Développement Web',	'2024-04-25 07:42:14',	34,	3,	NULL),
(77,	'Message 19 pour Sujet 1 Forum Développement Web',	'2024-04-25 07:42:14',	34,	4,	NULL),
(78,	'Message 20 pour Sujet 1 Forum Développement Web',	'2024-04-25 07:42:14',	34,	5,	NULL),
(79,	'Message 21 pour Sujet 1 Forum Développement Web',	'2024-04-25 07:42:14',	34,	1,	NULL),
(80,	'Message 22 pour Sujet 1 Forum Développement Web',	'2024-04-25 07:42:14',	34,	2,	NULL),
(81,	'Message 23 pour Sujet 1 Forum Développement Web',	'2024-04-25 07:42:14',	34,	3,	NULL),
(82,	'Message 24 pour Sujet 1 Forum Développement Web',	'2024-04-25 07:42:14',	34,	4,	NULL),
(83,	'Message 25 pour Sujet 1 Forum Développement Web',	'2024-04-25 07:43:14',	34,	3,	NULL),
(84,	'Message 1 pour Sujet 1 Forum Sécurité Informatique',	'2024-04-25 07:42:14',	64,	1,	NULL),
(85,	'Message 2 pour Sujet 1 Forum Sécurité Informatique',	'2024-04-25 07:42:14',	64,	2,	NULL),
(86,	'Message 3 pour Sujet 1 Forum Sécurité Informatique',	'2024-04-25 07:42:14',	64,	3,	NULL),
(87,	'Message 4 pour Sujet 1 Forum Sécurité Informatique',	'2024-04-25 07:42:14',	64,	4,	NULL),
(88,	'Message 5 pour Sujet 1 Forum Sécurité Informatique',	'2024-04-25 07:42:14',	64,	5,	NULL),
(89,	'Message 6 pour Sujet 1 Forum Sécurité Informatique',	'2024-04-25 07:42:14',	64,	1,	NULL),
(90,	'Message 7 pour Sujet 1 Forum Sécurité Informatique',	'2024-04-25 07:42:14',	64,	2,	NULL),
(91,	'Message 8 pour Sujet 1 Forum Sécurité Informatique',	'2024-04-25 07:42:14',	64,	3,	NULL),
(92,	'Message 9 pour Sujet 1 Forum Sécurité Informatique',	'2024-04-25 07:42:14',	64,	4,	NULL),
(93,	'Message 10 pour Sujet 1 Forum Sécurité Informatique',	'2024-04-25 07:42:14',	64,	5,	NULL),
(94,	'Message 11 pour Sujet 1 Forum Sécurité Informatique',	'2024-04-25 07:42:14',	64,	1,	NULL),
(95,	'Message 12 pour Sujet 1 Forum Sécurité Informatique',	'2024-04-25 07:42:14',	64,	2,	NULL),
(96,	'Message 13 pour Sujet 1 Forum Sécurité Informatique',	'2024-04-25 07:42:14',	64,	3,	NULL),
(97,	'Message 14 pour Sujet 1 Forum Sécurité Informatique',	'2024-04-25 07:42:14',	64,	4,	NULL),
(98,	'Message 15 pour Sujet 1 Forum Sécurité Informatique',	'2024-04-25 07:42:14',	64,	5,	NULL),
(99,	'Message 16 pour Sujet 1 Forum Sécurité Informatique',	'2024-04-25 07:42:14',	64,	1,	NULL),
(100,	'Message 17 pour Sujet 1 Forum Sécurité Informatique',	'2024-04-25 07:42:14',	64,	2,	NULL),
(101,	'Message 18 pour Sujet 1 Forum Sécurité Informatique',	'2024-04-25 07:42:14',	64,	3,	NULL),
(102,	'Message 19 pour Sujet 1 Forum Sécurité Informatique',	'2024-04-25 07:42:14',	64,	4,	NULL),
(103,	'Message 20 pour Sujet 1 Forum Sécurité Informatique',	'2024-04-25 07:42:14',	64,	5,	NULL),
(104,	'Message 21 pour Sujet 1 Forum Sécurité Informatique',	'2024-04-25 07:42:14',	64,	1,	NULL),
(105,	'Message 22 pour Sujet 1 Forum Sécurité Informatique',	'2024-04-25 07:42:14',	64,	2,	NULL),
(106,	'Message 23 pour Sujet 1 Forum Sécurité Informatique',	'2024-04-25 07:42:14',	64,	3,	NULL),
(107,	'Message 24 pour Sujet 1 Forum Sécurité Informatique',	'2024-04-25 07:42:14',	64,	4,	NULL),
(108,	'Message 25 pour Sujet 1 Forum Sécurité Informatique',	'2024-04-25 07:43:14',	64,	2,	NULL);

DROP TABLE IF EXISTS `sujets`;
CREATE TABLE `sujets` (
  `id` int(11) NOT NULL AUTO_INCREMENT,
  `titre` varchar(200) NOT NULL,
  `date_crea` varchar(50) NOT NULL,
  `forum_id` tinyint(4) NOT NULL,
  `author_id` tinyint(4) NOT NULL,
  `isClosed` tinyint(4) NOT NULL,
  PRIMARY KEY (`id`)
) ENGINE=InnoDB DEFAULT CHARSET=utf8mb3 COLLATE=utf8mb3_general_ci;

INSERT INTO `sujets` (`id`, `titre`, `date_crea`, `forum_id`, `author_id`, `isClosed`) VALUES
(4,	'Sujet 1 Forum Programmation Python',	'2024-04-25 07:42:14',	1,	1, 0),
(5,	'Sujet 2 Forum Programmation Python',	'2024-04-25 07:42:14',	1,	2, 0),
(6,	'Sujet 3 Forum Programmation Python',	'2024-04-25 07:42:14',	1,	3, 0),
(7,	'Sujet 4 Forum Programmation Python',	'2024-04-25 07:42:14',	1,	4, 0),
(8,	'Sujet 5 Forum Programmation Python',	'2024-04-25 07:42:14',	1,	5, 0),
(9,	'Sujet 6 Forum Programmation Python',	'2024-04-25 07:42:14',	1,	1, 0),
(10,	'Sujet 7 Forum Programmation Python',	'2024-04-25 07:42:14',	1,	2, 0),
(11,	'Sujet 8 Forum Programmation Python',	'2024-04-25 07:42:14',	1,	3, 0),
(12,	'Sujet 9 Forum Programmation Python',	'2024-04-25 07:42:14',	1,	4, 0),
(13,	'Sujet 10 Forum Programmation Python',	'2024-04-25 07:42:14',	1,	5, 0),
(14,	'Sujet 11 Forum Programmation Python',	'2024-04-25 07:42:14',	1,	1, 0),
(15,	'Sujet 12 Forum Programmation Python',	'2024-04-25 07:42:14',	1,	2, 0),
(16,	'Sujet 13 Forum Programmation Python',	'2024-04-25 07:42:14',	1,	3, 0),
(17,	'Sujet 14 Forum Programmation Python',	'2024-04-25 07:42:14',	1,	4, 0),
(18,	'Sujet 15 Forum Programmation Python',	'2024-04-25 07:42:14',	1,	5, 0),
(19,	'Sujet 16 Forum Programmation Python',	'2024-04-25 07:42:14',	1,	1, 0),
(20,	'Sujet 17 Forum Programmation Python',	'2024-04-25 07:42:14',	1,	2, 0),
(21,	'Sujet 18 Forum Programmation Python',	'2024-04-25 07:42:14',	1,	3, 0),
(22,	'Sujet 19 Forum Programmation Python',	'2024-04-25 07:42:14',	1,	4, 0),
(23,	'Sujet 20 Forum Programmation Python',	'2024-04-25 07:42:14',	1,	5, 0),
(24,	'Sujet 21 Forum Programmation Python',	'2024-04-25 07:42:14',	1,	1, 0),
(25,	'Sujet 22 Forum Programmation Python',	'2024-04-25 07:42:14',	1,	2, 0),
(26,	'Sujet 23 Forum Programmation Python',	'2024-04-25 07:42:14',	1,	3, 0),
(27,	'Sujet 24 Forum Programmation Python',	'2024-04-25 07:42:14',	1,	4, 0),
(28,	'Sujet 25 Forum Programmation Python',	'2024-04-25 07:42:14',	1,	5, 0),
(29,	'Sujet 26 Forum Programmation Python',	'2024-04-25 07:42:14',	1,	1, 0),
(30,	'Sujet 27 Forum Programmation Python',	'2024-04-25 07:42:14',	1,	2, 0),
(31,	'Sujet 28 Forum Programmation Python',	'2024-04-25 07:42:14',	1,	3, 0),
(32,	'Sujet 29 Forum Programmation Python',	'2024-04-25 07:42:14',	1,	4, 0),
(33,	'Sujet 30 Forum Programmation Python',	'2024-04-25 07:42:14',	1,	5, 0),
(34,	'Sujet 1 Forum Développement Web',	'2024-04-25 07:42:14',	2,	1, 0),
(35,	'Sujet 2 Forum Développement Web',	'2024-04-25 07:42:14',	2,	2, 0),
(36,	'Sujet 3 Forum Développement Web',	'2024-04-25 07:42:14',	2,	3, 0),
(37,	'Sujet 4 Forum Développement Web',	'2024-04-25 07:42:14',	2,	4, 0),
(38,	'Sujet 5 Forum Développement Web',	'2024-04-25 07:42:14',	2,	5, 0),
(39,	'Sujet 6 Forum Développement Web',	'2024-04-25 07:42:14',	2,	1, 0),
(40,	'Sujet 7 Forum Développement Web',	'2024-04-25 07:42:14',	2,	2, 0),
(41,	'Sujet 8 Forum Développement Web',	'2024-04-25 07:42:14',	2,	3, 0),
(42,	'Sujet 9 Forum Développement Web',	'2024-04-25 07:42:14',	2,	4, 0),
(43,	'Sujet 10 Forum Développement Web',	'2024-04-25 07:42:14',	2,	5, 0),
(44,	'Sujet 11 Forum Développement Web',	'2024-04-25 07:42:14',	2,	1, 0),
(45,	'Sujet 12 Forum Développement Web',	'2024-04-25 07:42:14',	2,	2, 0),
(46,	'Sujet 13 Forum Développement Web',	'2024-04-25 07:42:14',	2,	3, 0),
(47,	'Sujet 14 Forum Développement Web',	'2024-04-25 07:42:14',	2,	4, 0),
(48,	'Sujet 15 Forum Développement Web',	'2024-04-25 07:42:14',	2,	5, 0),
(49,	'Sujet 16 Forum Développement Web',	'2024-04-25 07:42:14',	2,	1, 0),
(50,	'Sujet 17 Forum Développement Web',	'2024-04-25 07:42:14',	2,	2, 0),
(51,	'Sujet 18 Forum Développement Web',	'2024-04-25 07:42:14',	2,	3, 0),
(52,	'Sujet 19 Forum Développement Web',	'2024-04-25 07:42:14',	2,	4, 0),
(53,	'Sujet 20 Forum Développement Web',	'2024-04-25 07:42:14',	2,	5, 0),
(54,	'Sujet 21 Forum Développement Web',	'2024-04-25 07:42:14',	2,	1, 0),
(55,	'Sujet 22 Forum Développement Web',	'2024-04-25 07:42:14',	2,	2, 0),
(56,	'Sujet 23 Forum Développement Web',	'2024-04-25 07:42:14',	2,	3, 0),
(57,	'Sujet 24 Forum Développement Web',	'2024-04-25 07:42:14',	2,	4, 0),
(58,	'Sujet 25 Forum Développement Web',	'2024-04-25 07:42:14',	2,	5, 0),
(59,	'Sujet 26 Forum Développement Web',	'2024-04-25 07:42:14',	2,	1, 0),
(60,	'Sujet 27 Forum Développement Web',	'2024-04-25 07:42:14',	2,	2, 0),
(61,	'Sujet 28 Forum Développement Web',	'2024-04-25 07:42:14',	2,	3, 0),
(62,	'Sujet 29 Forum Développement Web',	'2024-04-25 07:42:14',	2,	4, 0),
(63,	'Sujet 30 Forum Développement Web',	'2024-04-25 07:42:14',	2,	5, 0),
(64,	'Sujet 1 Forum Sécurité Informatique',	'2024-04-25 07:42:14',	3,	1, 0),
(65,	'Sujet 2 Forum Sécurité Informatique',	'2024-04-25 07:42:14',	3,	2, 0),
(66,	'Sujet 3 Forum Sécurité Informatique',	'2024-04-25 07:42:14',	3,	3, 0),
(67,	'Sujet 4 Forum Sécurité Informatique',	'2024-04-25 07:42:14',	3,	4, 0),
(68,	'Sujet 5 Forum Sécurité Informatique',	'2024-04-25 07:42:14',	3,	5, 0),
(69,	'Sujet 6 Forum Sécurité Informatique',	'2024-04-25 07:42:14',	3,	1, 0),
(70,	'Sujet 7 Forum Sécurité Informatique',	'2024-04-25 07:42:14',	3,	2, 0),
(71,	'Sujet 8 Forum Sécurité Informatique',	'2024-04-25 07:42:14',	3,	3, 0),
(72,	'Sujet 9 Forum Sécurité Informatique',	'2024-04-25 07:42:14',	3,	4, 0),
(73,	'Sujet 10 Forum Sécurité Informatique',	'2024-04-25 07:42:14',	3,	5, 0),
(74,	'Sujet 11 Forum Sécurité Informatique',	'2024-04-25 07:42:14',	3,	1, 0),
(75,	'Sujet 12 Forum Sécurité Informatique',	'2024-04-25 07:42:14',	3,	2, 0),
(76,	'Sujet 13 Forum Sécurité Informatique',	'2024-04-25 07:42:14',	3,	3, 0),
(77,	'Sujet 14 Forum Sécurité Informatique',	'2024-04-25 07:42:14',	3,	4, 0),
(78,	'Sujet 15 Forum Sécurité Informatique',	'2024-04-25 07:42:14',	3,	5, 0),
(79,	'Sujet 16 Forum Sécurité Informatique',	'2024-04-25 07:42:14',	3,	1, 0),
(80,	'Sujet 17 Forum Sécurité Informatique',	'2024-04-25 07:42:14',	3,	2, 0),
(81,	'Sujet 18 Forum Sécurité Informatique',	'2024-04-25 07:42:14',	3,	3, 0),
(82,	'Sujet 19 Forum Sécurité Informatique',	'2024-04-25 07:42:14',	3,	4, 0),
(83,	'Sujet 20 Forum Sécurité Informatique',	'2024-04-25 07:42:14',	3,	5, 0),
(84,	'Sujet 21 Forum Sécurité Informatique',	'2024-04-25 07:42:14',	3,	1, 0),
(85,	'Sujet 22 Forum Sécurité Informatique',	'2024-04-25 07:42:14',	3,	2, 0),
(86,	'Sujet 23 Forum Sécurité Informatique',	'2024-04-25 07:42:14',	3,	3, 0),
(87,	'Sujet 24 Forum Sécurité Informatique',	'2024-04-25 07:42:14',	3,	4, 0),
(88,	'Sujet 25 Forum Sécurité Informatique',	'2024-04-25 07:42:14',	3,	5, 0),
(89,	'Sujet 26 Forum Sécurité Informatique',	'2024-04-25 07:42:14',	3,	1, 0),
(90,	'Sujet 27 Forum Sécurité Informatique',	'2024-04-25 07:42:14',	3,	2, 0),
(91,	'Sujet 28 Forum Sécurité Informatique',	'2024-04-25 07:42:14',	3,	3, 0),
(92,	'Sujet 29 Forum Sécurité Informatique',	'2024-04-25 07:42:14',	3,	4, 0),
(93,	'Sujet 30 Forum Sécurité Informatique',	'2024-04-25 07:42:14',	3,	5, 0);

SET NAMES utf8mb4;

DROP TABLE IF EXISTS `users`;
CREATE TABLE `users` (
  `id` int(11) NOT NULL AUTO_INCREMENT,
  `login` varchar(50) NOT NULL,
  `password` varchar(200) NOT NULL,
  `role` tinyint(4) NOT NULL,
  PRIMARY KEY (`id`,`login`)
) ENGINE=InnoDB DEFAULT CHARSET=utf8mb4 COLLATE=utf8mb4_general_ci;

INSERT INTO `users` (`id`, `login`, `password`, `role`) VALUES
(1,	'admin',	'c3bb3956f9563c26e462afedcadd250b4d32640b5b4c6c0f046bae05926b3cbb6f45acf905762831ba74f205e3e93cedfc933942b24e2b923e1e25152be506ad',	1),
(2,	'Enzo',	'68a297d0e3b8336d7191666cc80edee6e91bb51b9187922118159733d36d8bcd30a9c29d8e30d6f08f11d1b23abeb67e29978a7b4ce45320fa317d4fbe0ff19a',	2),
(3,	'User_test',	'2b647337d113ae2027ccc62e7369400541928ef6d28c84557140bda3ddc8e6eeabfbaa07bedb815fd90fad6956a50801d84ff412224a38f45bd445342658fa10',	2),
(4,	'Forum',	'd65cd4b71bd7340101b4ee34171c83bdf33a4d8ccfb61031c0ae49a907f9106ae429535d818837417304791fd8ff03c1cebe6d5440d67c6dbfb8ad345dcc0878',	2),
(5,	'Docker',	'f49782ffa3dce14be38b352fddfa1a02f4e6350ff10e7547513c5e3a8127781f6e735c36a8bcc151b7e61b962662777771a82a82176b011547b5a33bc67c364d',	2);

-- 2024-04-25 07:45:45